Workbook
Name Segment_Nom_du_Produit: #N/A

Sheet Inventaire Initial
A1: Nom du Produit | B1: Quantité Initiale
A2: Produit A | B2: 122
A3: Produit C | B3: 204
A4: Produit B | B4: 153

Sheet Feuil1
A1: Somme de quantité signée | B1: Étiquettes de colonnes
A2: Étiquettes de lignes | B2: Produit A | C2: Total général
A3: janv | B3: -132 | C3: -132
A4: févr | B4: 148 | C4: 148
A5: mars | B5: 61 | C5: 61
A6: avr | B6: -65 | C6: -65
A7: mai | B7: 32 | C7: 32
A8: juin | B8: -43 | C8: -43
A9: juil | B9: 95 | C9: 95
A10: août | B10: -41 | C10: -41
A11: sept | B11: -72 | C11: -72
A12: oct | B12: -65 | C12: -65
A13: nov | B13: 49 | C13: 49
A14: déc | B14: -54 | C14: -54
A15: Total général | B15: -87 | C15: -87

Sheet Mouvements de Stock
A1: Date | B1: Nom du Produit | C1: Type de Mouvement | D1: Quantité | E1: quantité signée
A2: 45292 | B2: Produit A | C2: Sortie | D2: 36 | E2: =IF(C2="Sortie",-1*D2,D2) -> -36
A3: 45296 | B3: Produit C | C3: Entrée | D3: 53 | E3: =IF(C3="Sortie",-1*D3,D3) -> 53
A4: 45297 | B4: Produit C | C4: Sortie | D4: 25 | E4: =IF(C4="Sortie",-1*D4,D4) -> -25
A5: 45298 | B5: Produit A | C5: Sortie | D5: 53 | E5: =IF(C5="Sortie",-1*D5,D5) -> -53
A6: 45301 | B6: Produit C | C6: Entrée | D6: 13 | E6: =IF(C6="Sortie",-1*D6,D6) -> 13
A7: 45303 | B7: Produit B | C7: Entrée | D7: 55 | E7: =IF(C7="Sortie",-1*D7,D7) -> 55
A8: 45307 | B8: Produit B | C8: Entrée | D8: 23 | E8: =IF(C8="Sortie",-1*D8,D8) -> 23
A9: 45311 | B9: Produit C | C9: Entrée | D9: 48 | E9: =IF(C9="Sortie",-1*D9,D9) -> 48
A10: 45316 | B10: Produit A | C10: Sortie | D10: 43 | E10: =IF(C10="Sortie",-1*D10,D10) -> -43
A11: 45321 | B11: Produit B | C11: Sortie | D11: 45 | E11: =IF(C11="Sortie",-1*D11,D11) -> -45
A12: 45325 | B12: Produit B | C12: Sortie | D12: 28 | E12: =IF(C12="Sortie",-1*D12,D12) -> -28
A13: 45327 | B13: Produit B | C13: Sortie | D13: 17 | E13: =IF(C13="Sortie",-1*D13,D13) -> -17
... A126: 45656 | B126: Produit C | C126: Entrée | D126: 33 | E126: =IF(C126="Sortie",-1*D126,D126) -> 33

Sheet Inventaire Actuel
A1: Nom du Produit | B1: Quantité Initiale | C1: Quantité Actuelle
A2: Produit A | B2: =VLOOKUP(A2,'Inventaire Initial'!$A$2:$B$4,2,0) -> 122 | C2: =B2+SUMIFS('Mouvements de Stock'!D:D,'Mouvements de Stock'!B:B,"=" & 'Inventaire Actuel'!A2,'Mouvements de Stock'!C:C,"=Entrée")-SUMIFS('Mouvements de Stock'!D:D,'Mouvements de Stock'!B:B,"=" & 'Inventaire Actuel'!A2,'Mouvements de Stock'!C:C,"=Sortie") -> 35 | F2: Calculer les quantité initiale et actuelle
A3: Produit B | B3: =VLOOKUP(A3,'Inventaire Initial'!$A$2:$B$4,2,0) -> 153 | C3: =B3+SUMIFS('Mouvements de Stock'!D:D,'Mouvements de Stock'!B:B,"=" & 'Inventaire Actuel'!A3,'Mouvements de Stock'!C:C,"=Entrée")-SUMIFS('Mouvements de Stock'!D:D,'Mouvements de Stock'!B:B,"=" & 'Inventaire Actuel'!A3,'Mouvements de Stock'!C:C,"=Sortie") -> 49 | F3: Créer un tableau croisé dynamique pour suivre les mouvements de stocks par produit
A4: Produit C | B4: =VLOOKUP(A4,'Inventaire Initial'!$A$2:$B$4,2,0) -> 204 | C4: =B4+SUMIFS('Mouvements de Stock'!D:D,'Mouvements de Stock'!B:B,"=" & 'Inventaire Actuel'!A4,'Mouvements de Stock'!C:C,"=Entrée")-SUMIFS('Mouvements de Stock'!D:D,'Mouvements de Stock'!B:B,"=" & 'Inventaire Actuel'!A4,'Mouvements de Stock'!C:C,"=Sortie") -> 348 | F4: Que faut-il retirer au TCD pour être cohérent?
F5: Ajouter le suivi par mois
F6: Quel est le problème?
F7: Comment modifier les données pour voir la synthèse des mouvements par mois?
F10: =B2+ SOMME.SI.ENS('Mouvements de Stock'!D:D;'Mouvements de Stock'!B:B;"=" & 'Inventaire Actuel'!A2;'Mouvements de Stock'!C:C;"=Entrée") -SOMME.SI.ENS('Mouvements de Stock'!D:D;'Mouvements de Stock'!B:B;"=" & 'Inventaire Actuel'!A2;'Mouvements de Stock'!C:C;"=Sortie")

Sheet TCD
B3: Étiquettes de colonnes
B4: janv | D4: févr | F4: mars | H4: avr | J4: mai | L4: juin | N4: juil | P4: août | R4: sept | T4: oct | V4: nov | X4: déc
A5: Étiquettes de lignes | B5: quantités | C5: delta | D5: quantités | E5: delta | F5: quantités | G5: delta | H5: quantités | I5: delta | J5: quantités | K5: delta | L5: quantités | M5: delta | N5: quantités | O5: delta | P5: quantités | Q5: delta | R5: quantités | S5: delta | T5: quantités | U5: delta | V5: quantités | W5: delta | X5: quantités | Y5: delta
A6: Produit A
A7: Entrée | C7: -132 | D7: 148 | E7: 148 | F7: 111 | G7: 61 | H7: 19 | I7: -65 | J7: 80 | K7: 32 | L7: 10 | M7: -43 | N7: 95 | O7: 95 | Q7: -41 | R7: 35 | S7: -72 | T7: 19 | U7: -65 | V7: 62 | W7: 49 | X7: 80 | Y7: -54
A8: Sortie | B8: 132 | F8: 50 | H8: 84 | J8: 48 | L8: 53 | P8: 41 | R8: 107 | T8: 84 | V8: 13 | X8: 134
A9: Produit B
A10: Entrée | B10: 78 | C10: 33 | E10: -262 | F10: 51 | G10: 51 | H10: 137 | I10: 137 | K10: -21 | L10: 101 | M10: 101 | N10: 144 | O10: 85 | Q10: -161 | R10: 12 | S10: -32 | T10: 84 | U10: 30 | V10: 42 | W10: 26 | X10: 27 | Y10: -91
A11: Sortie | B11: 45 | D11: 262 | J11: 21 | N11: 59 | P11: 161 | R11: 44 | T11: 54 | V11: 16 | X11: 118
A12: Produit C
A13: Entrée | B13: 114 | C13: 89 | D13: 19 | E13: -33 | F13: 67 | G13: -6 | H13: 45 | I13: -6 | J13: 174 | K13: 113 | L13: 80 | M13: 69 | O13: -32 | P13: 94 | Q13: 31 | R13: 17 | S13: -73 | U13: -92 | V13: 87 | W13: 44 | X13: 79 | Y13: 40
A14: Sortie | B14: 25 | D14: 52 | F14: 73 | H14: 51 | J14: 61 | L14: 11 | N14: 32 | P14: 63 | R14: 90 | T14: 92 | V14: 43 | X14: 39
A15: Total général | B15: 394 | D15: 481 | F15: 352 | H15: 336 | J15: 384 | L15: 255 | N15: 330 | P15: 359 | R15: 305 | T15: 333 | V15: 263 | X15: 477

Sheet TCD signée
A3: Somme de quantité signée | B3: Étiquettes de colonnes
A4: Étiquettes de lignes | B4: janv | C4: févr | D4: mars | E4: avr | F4: mai | G4: juin | H4: juil | I4: août | J4: sept | K4: oct | L4: nov | M4: déc
A5: Produit A | B5: -132 | C5: 148 | D5: 61 | E5: -65 | F5: 32 | G5: -43 | H5: 95 | I5: -41 | J5: -72 | K5: -65 | L5: 49 | M5: -54
A6: Entrée | C6: 148 | D6: 111 | E6: 19 | F6: 80 | G6: 10 | H6: 95 | J6: 35 | K6: 19 | L6: 62 | M6: 80
A7: Sortie | B7: -132 | D7: -50 | E7: -84 | F7: -48 | G7: -53 | I7: -41 | J7: -107 | K7: -84 | L7: -13 | M7: -134
A8: Produit B | B8: 33 | C8: -262 | D8: 51 | E8: 137 | F8: -21 | G8: 101 | H8: 85 | I8: -161 | J8: -32 | K8: 30 | L8: 26 | M8: -91
A9: Entrée | B9: 78 | D9: 51 | E9: 137 | G9: 101 | H9: 144 | J9: 12 | K9: 84 | L9: 42 | M9: 27
A10: Sortie | B10: -45 | C10: -262 | F10: -21 | H10: -59 | I10: -161 | J10: -44 | K10: -54 | L10: -16 | M10: -118
A11: Produit C | B11: 89 | C11: -33 | D11: -6 | E11: -6 | F11: 113 | G11: 69 | H11: -32 | I11: 31 | J11: -73 | K11: -92 | L11: 44 | M11: 40
A12: Entrée | B12: 114 | C12: 19 | D12: 67 | E12: 45 | F12: 174 | G12: 80 | I12: 94 | J12: 17 | L12: 87 | M12: 79
A13: Sortie | B13: -25 | C13: -52 | D13: -73 | E13: -51 | F13: -61 | G13: -11 | H13: -32 | I13: -63 | J13: -90 | K13: -92 | L13: -43 | M13: -39
A14: Total général | B14: -10 | C14: -147 | D14: 106 | E14: 66 | F14: 124 | G14: 127 | H14: 148 | I14: -171 | J14: -177 | K14: -127 | L14: 119 | M14: -105
