Workbook

Sheet TCD
A3: Étiquettes de lignes | B3: Fonctionnement total | C3: Total de pannes | D3: Temps moyen entre pannes
A4: janv | B4: 624 | C4: 13 | D4: 48
A5: févr | B5: 600 | C5: 13 | D5: 46.153846
A6: mars | B6: 600 | C6: 20 | D6: 30
A7: avr | B7: 696 | C7: 16 | D7: 43.5
A8: mai | B8: 576 | C8: 13 | D8: 44.307692
A9: juin | B9: 504 | C9: 13 | D9: 38.769231
A10: juil | B10: 720 | C10: 27 | D10: 26.666667
A11: août | B11: 600 | C11: 20 | D11: 30
A12: sept | B12: 600 | C12: 15 | D12: 40
A13: oct | B13: 600 | C13: 11 | D13: 54.545455
A14: nov | B14: 696 | C14: 18 | D14: 38.666667
A15: déc | B15: 600 | C15: 7 | D15: 85.714286
A16: Total général | B16: 7416 | C16: 186 | D16: 39.870968

Sheet Données
A1: Temps moyen entre pannes
A4: Date de Début de Fonctionnement | B4: Date de Fin de Fonctionnement | C4: Durée de Fonctionnement (heures) | D4: Nombre de Pannes
A5: 45292 | B5: 45300 | C5: =(B5-A5)*24 -> 192 | D5: 1
A6: 45301 | B6: 45306 | C6: =(B6-A6)*24 -> 120 | D6: 3 | F6: Calculer la durée de fonctionnement totale
A7: 45307 | B7: 45310 | C7: =(B7-A7)*24 -> 72 | D7: 2 | F7: Calculer le nombre total de pannes
A8: 45311 | B8: 45315 | C8: =(B8-A8)*24 -> 96 | D8: 2 | F8: Calculer le temps moyens entre pannes
A9: 45316 | B9: 45321 | C9: =(B9-A9)*24 -> 120 | D9: 4
A10: 45322 | B10: 45323 | C10: =(B10-A10)*24 -> 24 | D10: 1
A11: 45324 | B11: 45327 | C11: =(B11-A11)*24 -> 72 | D11: 1 | F11: Durée de fonctionnement totale (h) | G11: =SUM(C5:C61) -> 7416 | H11: =SOMME(C5:C61)
A12: 45328 | B12: 45338 | C12: =(B12-A12)*24 -> 240 | D12: 8 | F12: Nombre total de pannes | G12: =SUM(D5:D61) -> 186 | H12: =SOMME(D5:D61)
A13: 45339 | B13: 45349 | C13: =(B13-A13)*24 -> 240 | D13: 2 | F13: Temps Moyens Entre Pannes (h) | G13: =G11/G12 -> 39.870968 | H13: =G11/G12
A14: 45350 | B14: 45352 | C14: =(B14-A14)*24 -> 48 | D14: 2
A15: 45353 | B15: 45358 | C15: =(B15-A15)*24 -> 120 | D15: 3
A16: 45359 | B16: 45360 | C16: =(B16-A16)*24 -> 24 | D16: 1
A17: 45361 | B17: 45364 | C17: =(B17-A17)*24 -> 72 | D17: 3
A18: 45365 | B18: 45368 | C18: =(B18-A18)*24 -> 72 | D18: 3
A19: 45369 | B19: 45371 | C19: =(B19-A19)*24 -> 48 | D19: 2
A20: 45372 | B20: 45373 | C20: =(B20-A20)*24 -> 24 | D20: 1
A21: 45374 | B21: 45381 | C21: =(B21-A21)*24 -> 168 | D21: 5
A22: 45382 | B22: 45385 | C22: =(B22-A22)*24 -> 72 | D22: 2
A23: 45386 | B23: 45393 | C23: =(B23-A23)*24 -> 168 | D23: 1
A24: 45394 | B24: 45400 | C24: =(B24-A24)*24 -> 144 | D24: 7
A25: 45401 | B25: 45408 | C25: =(B25-A25)*24 -> 168 | D25: 7
... A61: 45649 | B61: 45657 | C61: =(B61-A61)*24 -> 192 | D61: 2

Sheet Par période
A1: Refaire les mêmes calculs
A2: Par semestre
A3: Par mois | C3: S1 | D3: S2
B4: Durée de fonctionnement totale (h) | C4: =SUMIF(Données!$A$5:$A$61,"<01/07/2024",Données!$C$5:$C$61) -> 3600 | D4: =SUMIF(Données!$A$5:$A$61,">=01/07/2024",Données!$C$5:$C$61) -> 3816 | E4: =SOMME.SI(Données!$A$5:$A$61;"<01/07/2024";Données!$C$5:$C$61)
B5: Nombre total de pannes | C5: =SUMIF(Données!$A$5:$A$61,"<01/07/2024",Données!$D$5:$D$61) -> 88 | D5: =SUMIF(Données!$A$5:$A$61,">=01/07/2024",Données!$D$5:$D$61) -> 98
B6: Temps Moyens Entre Pannes (h) | C6: =C4/C5 -> 40.909091 | D6: =D4/D5 -> 38.938776
C8: Janvier | D8: Février | E8: Mars | F8: Avril | G8: Mai | H8: Juin | I8: Juillet | J8: Août | K8: Septembre | L8: Octobre | M8: Novembre | N8: Décembre
C9: 1 | D9: 2 | E9: 3 | F9: 4 | G9: 5 | H9: 6 | I9: 7 | J9: 8 | K9: 9 | L9: 10 | M9: 11 | N9: 12
B10: Durée de fonctionnement totale cumulée (h) | C10: =SUMIF(Données!$A$5:$A$61,"<01/"&D$9&"/2024",Données!$C$5:$C$61) -> 624 | D10: =SUMIF(Données!$A$5:$A$61,"<01/"&E$9&"/2024",Données!$C$5:$C$61) -> 1224 | E10: =SUMIF(Données!$A$5:$A$61,"<01/"&F$9&"/2024",Données!$C$5:$C$61) -> 1824 | F10: =SUMIF(Données!$A$5:$A$61,"<01/"&G$9&"/2024",Données!$C$5:$C$61) -> 2520 | G10: =SUMIF(Données!$A$5:$A$61,"<01/"&H$9&"/2024",Données!$C$5:$C$61) -> 3096 | H10: =SUMIF(Données!$A$5:$A$61,"<01/"&I$9&"/2024",Données!$C$5:$C$61) -> 3600 | I10: =SUMIF(Données!$A$5:$A$61,"<01/"&J$9&"/2024",Données!$C$5:$C$61) -> 4320 | J10: =SUMIF(Données!$A$5:$A$61,"<01/"&K$9&"/2024",Données!$C$5:$C$61) -> 4920 | ... M10: =SUMIF(Données!$A$5:$A$61,"<01/"&N$9&"/2024",Données!$C$5:$C$61) -> 6816 | N10: =SUM(Données!$C$5:$C$61) -> 7416
B11: Durée de fonctionnement totale (h) | C11: =SUMIF(Données!$A$5:$A$61,"<01/"&D$9&"/2024",Données!$C$5:$C$61) -> 624 | D11: =D10-C10 -> 600 | E11: =E10-D10 -> 600 | F11: =F10-E10 -> 696 | G11: =G10-F10 -> 576 | H11: =H10-G10 -> 504 | I11: =I10-H10 -> 720 | J11: =J10-I10 -> 600 | K11: =K10-J10 -> 600 | ... N11: =N10-M10 -> 600
B12: Nombre total de pannes cumulée | C12: =SUMIF(Données!$A$5:$A$61,"<01/"&D$9&"/2024",Données!$D$5:$D$61) -> 13 | D12: =SUMIF(Données!$A$5:$A$61,"<01/"&E$9&"/2024",Données!$D$5:$D$61) -> 26 | E12: =SUMIF(Données!$A$5:$A$61,"<01/"&F$9&"/2024",Données!$D$5:$D$61) -> 46 | F12: =SUMIF(Données!$A$5:$A$61,"<01/"&G$9&"/2024",Données!$D$5:$D$61) -> 62 | G12: =SUMIF(Données!$A$5:$A$61,"<01/"&H$9&"/2024",Données!$D$5:$D$61) -> 75 | H12: =SUMIF(Données!$A$5:$A$61,"<01/"&I$9&"/2024",Données!$D$5:$D$61) -> 88 | I12: =SUMIF(Données!$A$5:$A$61,"<01/"&J$9&"/2024",Données!$D$5:$D$61) -> 115 | J12: =SUMIF(Données!$A$5:$A$61,"<01/"&K$9&"/2024",Données!$D$5:$D$61) -> 135 | ... M12: =SUMIF(Données!$A$5:$A$61,"<01/"&N$9&"/2024",Données!$D$5:$D$61) -> 179 | N12: =SUM(Données!$D$5:$D$61) -> 186
B13: Nombre total de pannes | C13: =SUMIF(Données!$A$5:$A$61,"<01/"&D$9&"/2024",Données!$D$5:$D$61) -> 13 | D13: =D12-C12 -> 13 | E13: =E12-D12 -> 20 | F13: =F12-E12 -> 16 | G13: =G12-F12 -> 13 | H13: =H12-G12 -> 13 | I13: =I12-H12 -> 27 | J13: =J12-I12 -> 20 | K13: =K12-J12 -> 15 | ... N13: =N12-M12 -> 7
B14: Temps Moyens Entre Pannes (h) | C14: =C11/C13 -> 48 | D14: =D11/D13 -> 46.153846 | E14: =E11/E13 -> 30 | F14: =F11/F13 -> 43.5 | G14: =G11/G13 -> 44.307692 | H14: =H11/H13 -> 38.769231 | I14: =I11/I13 -> 26.666667 | J14: =J11/J13 -> 30 | ... N14: =N11/N13 -> 85.714286
D17: ="<01/"&D$9&"/2024" -> <01/2/2024 | E17: ="<01/" & D$9 & "/2024" | G17: Concatenation

Sheet somme.si.ens
A1: Refaire les mêmes calculs
A2: Par semestre
A3: Par mois | C3: S1 | D3: S2
B4: Durée de fonctionnement totale (h) | C4: 3600 | D4: 3816 | F4: '=SOMME.SI(Données!$A$5:$A$61;"<01/07/2024";Données!$C$5:$C$61)
B5: Nombre total de pannes | C5: 88 | D5: 98
B6: Temps Moyens Entre Pannes (h) | C6: 40.909091 | D6: 38.938776
C8: Janvier | D8: Février | E8: Mars | F8: Avril | G8: Mai | H8: Juin | I8: Juillet | J8: Août | K8: Septembre | L8: Octobre | M8: Novembre | N8: Décembre
C9: 1 | D9: 2 | E9: 3 | F9: 4 | G9: 5 | H9: 6 | I9: 7 | J9: 8 | K9: 9 | L9: 10 | M9: 11 | N9: 12
B10: Durée de fonctionnement totale (h) | C10: =SUMIFS(Données!$C:$C,Données!$A:$A,">=01/"&C$9&"/2024",Données!$A:$A,"<01/"&D$9&"/2024") -> 624 | D10: =SUMIFS(Données!$C:$C,Données!$A:$A,">=01/"&D$9&"/2024",Données!$A:$A,"<01/"&E$9&"/2024") -> 600 | E10: =SUMIFS(Données!$C:$C,Données!$A:$A,">=01/"&E$9&"/2024",Données!$A:$A,"<01/"&F$9&"/2024") -> 600 | F10: =SUMIFS(Données!$C:$C,Données!$A:$A,">=01/"&F$9&"/2024",Données!$A:$A,"<01/"&G$9&"/2024") -> 696 | G10: =SUMIFS(Données!$C:$C,Données!$A:$A,">=01/"&G$9&"/2024",Données!$A:$A,"<01/"&H$9&"/2024") -> 576 | H10: =SUMIFS(Données!$C:$C,Données!$A:$A,">=01/"&H$9&"/2024",Données!$A:$A,"<01/"&I$9&"/2024") -> 504 | I10: =SUMIFS(Données!$C:$C,Données!$A:$A,">=01/"&I$9&"/2024",Données!$A:$A,"<01/"&J$9&"/2024") -> 720 | J10: =SUMIFS(Données!$C:$C,Données!$A:$A,">=01/"&J$9&"/2024",Données!$A:$A,"<01/"&K$9&"/2024") -> 600 | ... M10: =SUMIFS(Données!$C:$C,Données!$A:$A,">=01/"&M$9&"/2024",Données!$A:$A,"<01/"&N$9&"/2024") -> 696 | N10: =SUMIFS(Données!$C:$C,Données!$A:$A,">=01/"&N$9&"/2024") -> 600
B11: Nombre total de pannes | C11: =SUMIFS(Données!$D:$D,Données!$A:$A,">=01/"&C$9&"/2024",Données!$A:$A,"<01/"&D$9&"/2024") -> 13 | D11: =SUMIFS(Données!$D:$D,Données!$A:$A,">=01/"&D$9&"/2024",Données!$A:$A,"<01/"&E$9&"/2024") -> 13 | E11: =SUMIFS(Données!$D:$D,Données!$A:$A,">=01/"&E$9&"/2024",Données!$A:$A,"<01/"&F$9&"/2024") -> 20 | F11: =SUMIFS(Données!$D:$D,Données!$A:$A,">=01/"&F$9&"/2024",Données!$A:$A,"<01/"&G$9&"/2024") -> 16 | G11: =SUMIFS(Données!$D:$D,Données!$A:$A,">=01/"&G$9&"/2024",Données!$A:$A,"<01/"&H$9&"/2024") -> 13 | H11: =SUMIFS(Données!$D:$D,Données!$A:$A,">=01/"&H$9&"/2024",Données!$A:$A,"<01/"&I$9&"/2024") -> 13 | I11: =SUMIFS(Données!$D:$D,Données!$A:$A,">=01/"&I$9&"/2024",Données!$A:$A,"<01/"&J$9&"/2024") -> 27 | J11: =SUMIFS(Données!$D:$D,Données!$A:$A,">=01/"&J$9&"/2024",Données!$A:$A,"<01/"&K$9&"/2024") -> 20 | ... M11: =SUMIFS(Données!$D:$D,Données!$A:$A,">=01/"&M$9&"/2024",Données!$A:$A,"<01/"&N$9&"/2024") -> 18 | N11: =SUMIFS(Données!$D:$D,Données!$A:$A,">=01/"&N$9&"/2024") -> 7
B12: Temps Moyens Entre Pannes (h) | C12: 48 | D12: 46.153846 | E12: 30 | F12: 43.5 | G12: 44.307692 | H12: 38.769231 | I12: 26.666667 | J12: 30 | K12: 40 | L12: 54.545455 | M12: 38.666667 | N12: 85.714286
C14: =SOMME.SI.ENS(Données!D:D;Données!A:A;">=01/01/2024";Données!A:A;"<01/02/2024")
